"","Df","SumOfSqs","R2","F","Pr(>F)"
"Treatment",1,0.000318165006222364,0.00827705419666003,0.10084945062089,0.572
"Site",1,0.025501831459618,0.663429468914711,8.08337071089322,0.023
"Residual",4,0.0126194046378457,0.328293476888629,NA,NA
"Total",6,0.0384394011036861,1,NA,NA
