"","Df","SumOfSqs","R2","F","Pr(>F)"
"Model",4,8.71345135295311,0.419405199050457,10.2937953917166,0.001
"Residual",57,12.062283837456,0.580594800949543,NA,NA
"Total",61,20.7757351904091,1,NA,NA
