"","Df","SumOfSqs","R2","F","Pr(>F)"
"Treatment",2,2.72698114786351,0.11255338928212,7.1737148061159,0.001
"Site",1,2.43479877277205,0.100493857212817,12.8101743716359,0.001
"Type",2,7.66249995550811,0.316261937139616,20.1573045071312,0.001
"Residual",60,11.4040544748391,0.470690816365447,NA,NA
"Total",65,24.2283343509827,1,NA,NA
