"","Df","SumOfSqs","R2","F","Pr(>F)"
"Treatment",1,0.0848500043269161,0.00408409153992713,0.400956428468049,0.903
"Site",1,3.00213425717135,0.144501950455994,14.1865052227836,0.001
"Type",2,5.62646709145484,0.270819157054536,13.2938599578074,0.001
"Residual",57,12.062283837456,0.580594800949543,NA,NA
"Total",61,20.7757351904091,1,NA,NA
