"","Df","SumOfSqs","R2","F","Pr(>F)"
"Treatment",1,0.211269562455377,0.0235447747728877,0.946776397499164,0.415
"Site",1,1.17485700147722,0.130931039798853,5.26496513036614,0.003
"Residual",34,7.58697105510508,0.845524185428259,NA,NA
"Total",36,8.97309761903768,1,NA,NA
