"","Df","SumOfSqs","R2","F","Pr(>F)"
"Treatment",1,0.295023671423559,0.0147179287466157,1.61830893805647,0.15
"Site",1,1.89408748139628,0.0944908740933702,10.3897381719035,0.001
"Type",2,7.46476874973606,0.372397014919007,20.4734452831059,0.001
"Residual",57,10.391309641618,0.518394182241007,NA,NA
"Total",61,20.0451895441739,1,NA,NA
