"","Df","SumOfSqs","R2","F","Pr(>F)"
"Treatment",1,0.200006793509521,0.00891225668017723,1.2969255355941,0.286
"Site",1,2.19094674218238,0.0976280825080969,14.2069913086615,0.001
"Type",2,10.3352000206211,0.460534133908622,33.5088238429712,0.001
"Residual",63,9.71561407750968,0.432925526903103,NA,NA
"Total",67,22.4417676338226,1,NA,NA
