"","Df","SumOfSqs","R2","F","Pr(>F)"
"Model",4,13.4465292832636,0.539551957613203,18.4558137946633,0.001
"Residual",63,11.4751285729076,0.460448042386796,NA,NA
"Total",67,24.9216578561712,1,NA,NA
