"","Df","SumOfSqs","R2","F","Pr(>F)"
"Treatment",1,0.255848476726586,0.00199145279600648,0.572501321661772,0.955
"Site",1,1.79062232402495,0.0139377020312763,4.00679988490559,0.001
"Type",2,6.21182196924896,0.0483510802457314,6.94996572350731,0.001
"Residual",269,120.21498926794,0.935719764926986,NA,NA
"Total",273,128.473282037941,1,NA,NA
