"","Df","SumOfSqs","R2","F","Pr(>F)"
"Treatment",1,0.0385464214125912,0.0240208280890546,0.602010922842455,0.659
"Site",1,0.989896898220746,0.616870317571991,15.460027763358,0.003
"Residual",9,0.576264947279217,0.359108854338955,NA,NA
"Total",11,1.60470826691255,1,NA,NA
