"","Df","SumOfSqs","R2","F","Pr(>F)"
"Treatment",3,7.60540270902275,0.53669500447906,30.8616570258344,0.001
"Site",1,1.96528066159961,0.138685136584351,23.9244994873857,0.001
"Residual",56,4.60012620567488,0.324619858936589,NA,NA
"Total",60,14.1708095762972,1,NA,NA
