"","Df","SumOfSqs","R2","F","Pr(>F)"
"Model",2,4.46024314237018,0.71596257316621,31.5082848916761,0.001
"Residual",25,1.76947236167578,0.284037426833789,NA,NA
"Total",27,6.22971550404596,1,NA,NA
