"","Df","SumOfSqs","R2","F","Pr(>F)"
"Treatment",3,2.84958482198733,0.475483527763858,13.5433293297635,0.001
"Site",1,1.53033515203341,0.255352692481853,21.8198449005435,0.001
"Residual",23,1.6131053477787,0.269163779754288,NA,NA
"Total",27,5.99302532179944,1,NA,NA
