Season,emmean,SE,df,lower.CL,upper.CL,.group,the.emmean,pri.fac,lcmpl,rcmpl
Fall,-0.2298652678155945,0.02717504698138257,5.677806050050914,-0.29728567894368596,-0.162444856687503,A,-0.2298652678155945,Fall,NA,-0.16520282947106668
Summer,-0.076932197913652,0.02914737617743472,7.457705217792404,-0.14500648928345738,-0.008857906543846591,B,-0.076932197913652,Summer,-0.1395417360357571,-0.014219612655144417
Winter,0.16662596193620208,0.026643326894360025,5.24343643978883,0.09908253756763176,0.2341693863047724,C,0.16662596193620208,Winter,0.10167770935931893,NA
