Season,emmean,SE,df,lower.CL,upper.CL,.group,the.emmean,pri.fac,lcmpl,rcmpl
Fall,-0.20782301187928737,0.01407494692422432,5.67021620628026,-0.24275459157453216,-0.17289143218404257,A,-0.20782301187928737,Fall,NA,-0.174303469085226
Summer,-0.06390611557419697,0.015131562924907015,7.513643897991656,-0.0991966470640685,-0.028615584084325435,B,-0.06390611557419697,Summer,-0.09632615798309882,-0.031436283023652534
Winter,0.06002006270794279,0.013789556088701789,5.2210522310051735,0.025019561175301644,0.09502056424058393,C,0.06002006270794279,Winter,0.026354092435061226,NA
