Season,emmean,SE,df,lower.CL,upper.CL,.group,the.emmean,pri.fac,lcmpl,rcmpl
Fall,-0.2298652678155945,0.02717504698138257,5.677806050050885,-0.29728567894368607,-0.16244485668750291,A,-0.2298652678155945,Fall,NA,-0.16520282947106651
Summer,-0.076932197913652,0.029147376177434712,7.4577052177923635,-0.14500648928345744,-0.008857906543846536,B,-0.076932197913652,Summer,-0.13954173603575712,-0.014219612655144223
Winter,0.16662596193620208,0.026643326894360157,5.243436439788802,0.0990825375676313,0.23416938630477285,C,0.16662596193620208,Winter,0.10167770935931855,NA
