Season,emmean,SE,df,lower.CL,upper.CL,.group,the.emmean,pri.fac,lcmpl,rcmpl
Fall,-0.20782301187928737,0.01407494692422432,5.670216206280248,-0.2427545915745322,-0.17289143218404254,A,-0.20782301187928737,Fall,NA,-0.17430346908522598
Summer,-0.06390611557419697,0.015131562924907024,7.513643897991646,-0.09919664706406853,-0.028615584084325407,B,-0.06390611557419697,Summer,-0.09632615798309885,-0.03143628302365249
Winter,0.06002006270794279,0.013789556088701815,5.221052231005159,0.025019561175301554,0.09502056424058403,C,0.06002006270794279,Winter,0.026354092435061156,NA
