Season,emmean,SE,df,lower.CL,upper.CL,.group,the.emmean,pri.fac,lcmpl,rcmpl,Site
Fall,-0.08924725454719161,0.02733369538936678,3.97456974867243,-0.1653296408552381,-0.01316486823914513,A,-0.08924725454719161,Fall,NA,-0.07214051238204183,FCCL
Summer,-0.07247593869900555,0.027421493794842478,4.02554861127489,-0.1484200265193636,0.003468149121352501,A,-0.07247593869900555,Summer,-0.08958268086415533,NA,FCCL
Fall,-0.20782301187928737,0.01407494692422432,5.67021620628026,-0.24275459157453216,-0.17289143218404257,A,-0.20782301187928737,Fall,NA,-0.174303469085226,RV
Summer,-0.06390611557419697,0.015131562924907015,7.513643897991656,-0.0991966470640685,-0.028615584084325435,B,-0.06390611557419697,Summer,-0.09632615798309882,-0.031436283023652534,RV
Winter,0.06002006270794279,0.013789556088701789,5.2210522310051735,0.025019561175301644,0.09502056424058393,C,0.06002006270794279,Winter,0.026354092435061226,NA,RV
