,term,df,SumOfSqs,R2,statistic,p.value
1,datatype,1,2.118470077,0.063554631,17.20521166,0.001
2,Season,2,13.64429686,0.409332312,55.40626182,0.001
3,datatype:Season,2,1.686576297,0.05059771,6.848787363,0.001
4,Residual,129,15.88371275,0.476515347,NA,NA
5,Total,134,33.33305598,1,NA,NA
