"","term","df","SumOfSqs","R2","statistic","p.value"
"1","datatype",1,2.1184700766133,0.0635546311029042,17.2052116620854,0.001
"2","Season",2,13.6442968581693,0.409332311582965,55.406261815229,0.001
"3","datatype:Season",2,1.68657629719469,0.0505977099126505,6.84878736259528,0.001
"4","Residual",129,15.8837127523017,0.476515347401481,NA,NA
"5","Total",134,33.3330559842789,1,NA,NA
