"term","df","SumOfSqs","R2","statistic","p.value"
"Location",2,0.598385574146705,0.915720090841206,76.0565679278456,0.001
"Residual",14,0.0550734687765654,0.0842799091587936,NA,NA
"Total",16,0.65345904292327,1,NA,NA
