"","smelt 34","smelt 4"
"smelt 34",0,65598.2571500795
"smelt 4",65598.2571500795,0
